Amount,Markings,Uf (mV),lr (µA),C (pF)
~20,N5817 MiC,248,0.69,
5,N4007 MIC,665,,10
5,N5408 MiC,632,0.002,37
5,N5822. MiC,258,0.58,
10,FR207 MiC,646,,10
10,N5399 MiC,665,,10
10,FR107 MiC,646,0.076,8
10,IN5819 MiC,248,1.3,
~30,IN4007 MiC,681,0.000087,13
~30,1S 48?,715,0.000036,2
2,IN5401 JATEN,622,0.000061,67
2,SR3100 JATEN,267,0.68,196
1,N5392 JATEN,547,,84
